Year,Average Additional Contribution Rate (%),Yearly Increase (%)
2015,0.83,N/A
2016,1.08,30.120481927710863
2017,1.11,2.77777777777779
2018,1.08,-2.7027027027027084
2019,0.99,-8.333333333333337
2020,1.0,1.0101010101010166
2021,1.28,28.000000000000004
2022,1.36,6.25
2023,1.51,11.029411764705866
2024 (H1),1.7,12.58278145695364
